date,ticker,open,high,close,volume,avg_vol,rvol,gap_pct,gain_pct,close_pct,dumped,rank
2026-01-20,ILUS,0.0,0.0,0.0,243325,0,0,0.0,50.0,0.0,True,avoid
2026-01-20,SOAR,0.53,0.74,0.52,11131500,0,0,-2.4,38.9,-1.1,True,avoid
2026-01-20,RMSG,1.25,1.65,1.52,165900,0,0,-1.6,31.9,21.6,False,avoid
2026-01-20,CAPS,0.63,0.79,0.74,464300,0,0,-3.1,25.4,17.5,False,avoid
2026-01-21,ILUS,0.0,0.0,0.0,221503,1216425,0.2,0.0,50.0,50.0,False,avoid
2026-01-21,MITI,0.1,0.13,0.1,64800,43725,1.5,-23.1,30.0,0.0,True,avoid
2026-01-21,SGLY,0.79,1.02,0.78,1307800,690955,1.9,0.0,29.1,-1.3,True,avoid
2026-01-21,GCTK,3.35,4.2,3.91,2538500,32775,77.5,-11.8,25.4,16.7,False,avoid
2026-01-21,BBIG,0.0,0.0,0.0,1163,10743,0.1,0.0,25.0,25.0,False,avoid
2026-01-21,HPNN,0.0,0.0,0.0,2097003,9284216,0.2,-20.0,25.0,12.5,False,avoid
2026-01-21,RETO,1.41,1.71,1.19,484500,69185,7.0,8.5,21.3,-15.6,True,watch
2026-01-21,NVAX,8.28,9.98,9.9,16572700,4591115,3.6,1.0,20.5,19.6,False,watch
2026-01-22,ASTI,4.51,7.26,6.81,30927300,3745520,8.3,1.3,61.0,51.0,False,watch
2026-01-22,BACK,0.07,0.1,0.08,43400,51360,0.8,-17.8,33.8,8.1,True,avoid
2026-01-22,CRML,15.74,20.0,18.46,48380100,21713300,2.2,3.1,27.1,17.3,False,avoid
2026-01-22,HPNN,0.0,0.0,0.0,2528829,9360816,0.3,-11.1,25.0,25.0,False,avoid
2026-01-22,ISPC,0.32,0.4,0.38,898100,2749155,0.3,0.9,25.0,20.3,False,avoid
2026-01-22,MNTS,7.44,9.02,8.3,931000,6594310,0.1,-0.1,21.3,11.6,False,avoid
2026-01-22,SIDU,3.43,4.14,3.73,33012500,98621965,0.3,1.8,20.7,8.7,False,avoid
2026-01-23,MAXN,3.43,4.5,2.96,4280700,42025,101.9,15.9,31.2,-13.7,True,hot
2026-01-23,HPNN,0.0,0.0,0.0,892138,8714642,0.1,-20.0,25.0,25.0,False,avoid
2026-01-23,ONFO,0.65,0.79,0.72,197900,73905,2.7,-1.4,21.2,10.9,False,avoid
2026-01-26,ILUS,0.0,0.0,0.0,2010356,959768,2.1,0.0,100.0,0.0,True,avoid
2026-01-26,VSA,2.54,3.37,2.61,710100,75125,9.5,6.3,32.5,2.8,True,warm
2026-01-26,HPNN,0.0,0.0,0.0,341431,8429974,0.0,-20.0,25.0,0.0,True,avoid
2026-01-26,GFAI,0.56,0.7,0.64,1691500,350975,4.8,0.5,24.3,14.8,False,watch
2026-01-26,RNAZ,10.19,12.6,12.34,75800,145385,0.5,3.2,23.7,21.1,False,avoid
2026-01-26,SBEV,0.81,1.0,0.98,641500,626300,1.0,-0.7,23.3,21.0,False,avoid
2026-01-27,BBIG,0.0,0.0,0.0,6932,10147,0.7,-84.0,525.0,525.0,False,avoid
2026-01-27,ILUS,0.0,0.0,0.0,1188650,1045365,1.1,0.0,50.0,0.0,True,avoid
2026-01-27,SOAR,0.45,0.57,0.56,2848100,3128585,0.9,3.0,26.8,24.3,False,avoid
2026-01-27,MOBQ,0.81,0.99,0.87,26800,59540,0.5,-8.0,22.2,7.4,False,avoid
2026-01-28,SOAR,0.5,0.68,0.58,1974900,2336460,0.8,-11.1,36.4,17.2,True,avoid
2026-01-28,PBM,4.0,5.31,4.81,228784,34018,6.7,1.4,32.8,20.3,False,watch
2026-01-28,ROLR,7.13,9.44,8.0,4044400,6778725,0.6,0.1,32.5,12.2,True,avoid
2026-01-29,GNPX,2.29,3.11,2.46,6957500,1194550,5.8,3.2,35.8,7.4,True,watch
2026-01-29,MITI,0.06,0.08,0.06,79600,117465,0.7,0.0,33.3,0.0,True,avoid
2026-01-29,KAVL,0.02,0.02,0.02,210900,294745,0.7,0.0,22.2,-5.6,True,avoid
2026-01-29,PBM,4.31,5.18,4.51,45600,45146,1.0,-10.4,20.1,4.5,True,avoid
2026-01-30,ILUS,0.0,0.0,0.0,660664,806662,0.8,-50.0,100.0,100.0,False,avoid
2026-01-30,ASBP,1.46,2.45,2.13,5396300,1734473,3.1,0.0,67.8,45.9,True,watch
2026-01-30,MRAI,0.65,0.84,0.79,146900,24460,6.0,-6.5,29.2,21.2,False,watch
2026-01-30,NPT,6.18,7.6,6.84,141200,54475,2.6,1.2,23.0,10.7,False,avoid
2026-01-30,VSA,2.45,2.98,2.84,638900,106280,6.0,2.9,21.7,16.0,False,watch
2026-02-02,PBM,3.96,12.64,3.8,5104000,50491,101.1,-1.2,219.2,-4.0,True,warm
2026-02-02,FUSE,2.29,3.67,2.7,198065100,38010,5210.9,44.9,60.3,17.9,True,hot
2026-02-02,LRHC,2.19,2.99,2.45,1235900,2218465,0.6,-24.2,36.5,11.9,True,avoid
2026-02-02,ASTI,5.08,6.7,6.21,5068300,4021685,1.3,1.8,31.9,22.2,False,avoid
2026-02-02,JBDI,0.63,0.78,0.73,110000,17460,6.3,5.0,23.8,15.9,False,watch
2026-02-03,BBIG,0.0,0.0,0.0,1298,6695,0.2,-86.7,300.0,300.0,False,avoid
2026-02-03,LIMN,0.68,1.22,1.07,87519500,368575,237.5,18.7,79.9,57.8,True,hot
2026-02-03,JBDI,0.76,1.35,0.97,20805000,22450,926.7,4.1,77.6,28.0,True,hot
2026-02-03,NPT,8.07,13.48,7.2,35997500,63355,568.2,41.6,67.0,-10.8,True,hot
2026-02-03,SNAL,0.71,0.89,0.8,390400,19245,20.3,0.0,25.4,13.0,False,warm
2026-02-03,MAXN,2.79,3.48,3.28,377900,277300,1.4,0.0,24.7,17.6,False,avoid
2026-02-03,DLXY,0.9,1.12,1.09,136900,54765,2.5,-0.5,23.8,20.4,False,avoid
2026-02-04,LIMN,1.15,2.1,1.43,100487800,4742470,21.2,7.5,82.6,24.3,True,warm
2026-02-04,YXT,0.5,0.76,0.61,10500,28395,0.4,-24.1,51.5,21.0,True,avoid
2026-02-04,HPNN,0.0,0.0,0.0,3802432,3733274,1.0,0.0,25.0,12.5,False,avoid
2026-02-04,ILUS,0.0,0.0,0.0,70526,795137,0.1,-33.3,25.0,25.0,False,avoid
2026-02-04,ASTI,6.77,8.14,6.09,4079800,3964975,1.0,0.4,20.2,-10.0,True,avoid
2026-02-05,NPT,5.7,9.4,6.71,1237800,1890980,0.7,-18.6,64.9,17.7,True,avoid
2026-02-05,AHMA,5.71,9.17,6.92,887600,2722635,0.3,-15.4,60.6,21.2,True,avoid
2026-02-05,LIMN,1.71,2.5,2.05,78087000,9764795,8.0,19.6,46.2,19.9,True,warm
2026-02-05,YXT,0.58,0.74,0.68,9200,28305,0.3,-4.3,27.2,17.6,False,avoid
2026-02-05,ISPC,0.35,0.44,0.34,2783100,643190,4.3,-0.3,26.8,-0.6,True,watch
2026-02-05,JBDI,0.96,1.19,1.04,648800,1078785,0.6,3.2,24.0,8.3,True,avoid
2026-02-06,MITI,0.05,0.1,0.1,649600,150010,4.3,0.0,100.0,100.0,False,watch
2026-02-06,MGAM,0.07,0.1,0.1,25400,11175,2.3,-22.2,42.9,42.9,False,avoid
2026-02-06,SLNH,0.85,1.08,1.02,15966000,5786090,2.8,11.8,27.1,20.0,False,avoid
2026-02-06,LASE,1.08,1.37,0.6,28484000,838825,34.0,10.7,26.9,-44.4,True,warm
2026-02-06,ROLR,4.54,5.64,5.29,704900,7147350,0.1,0.2,24.2,16.5,False,avoid
2026-02-06,LIMN,2.15,2.63,1.84,48782200,13629010,3.6,4.9,22.3,-14.4,True,watch
2026-02-09,ILUS,0.0,0.0,0.0,235451,1079235,0.2,0.0,50.0,25.0,True,avoid
2026-02-09,LIMN,1.99,2.83,1.45,75679700,16058115,4.7,7.9,42.6,-27.0,True,watch
2026-02-09,ATXG,5.43,7.5,6.38,574027,50481,11.4,10.0,38.1,17.4,True,warm
2026-02-09,KAVL,0.01,0.02,0.02,62500,165935,0.4,0.0,33.3,33.3,False,avoid
2026-02-09,RNAZ,8.6,10.95,10.72,87600,612245,0.1,-3.5,27.3,24.7,False,avoid
2026-02-09,YXT,0.66,0.8,0.62,25700,26995,1.0,5.3,21.3,-5.8,True,avoid
2026-02-09,LASE,0.63,0.76,0.76,6555400,2236990,2.9,4.8,21.1,20.6,False,avoid
2026-02-10,BBIG,0.0,0.02,0.0,3115,2013,1.5,56.3,296.0,0.0,True,avoid
2026-02-10,ILUS,0.0,0.0,0.0,514699,1069948,0.5,-20.0,50.0,0.0,True,avoid
2026-02-10,BACK,0.06,0.09,0.06,33000,15000,2.2,-12.9,45.9,0.0,True,avoid
2026-02-10,KAVL,0.01,0.02,0.02,47500,126605,0.4,-25.0,33.3,33.3,False,avoid
2026-02-10,ASTI,6.56,8.5,7.42,5752300,4071245,1.4,0.9,29.6,13.1,True,avoid
2026-02-10,LNAI,0.92,1.12,1.06,1784700,174025,10.3,10.9,21.7,15.7,False,warm
2026-02-10,YXT,0.62,0.75,0.71,33900,28125,1.2,0.0,21.0,14.5,False,avoid
2026-02-11,MOTS,0.0,0.1,0.0,3080,733,4.2,0.0,99900.0,100.0,True,watch
2026-02-11,MGAM,0.0,0.12,0.1,37700,11235,3.4,-95.5,2200.0,1840.0,True,avoid
2026-02-11,NCI,0.77,3.41,2.64,88915700,49775,1786.4,-1.4,343.4,243.3,True,hot
2026-02-11,PMNT,0.3,0.4,0.37,221000,36290,6.1,1.0,33.3,22.7,False,watch
2026-02-11,ASTI,7.71,9.87,9.02,6562300,4145650,1.6,3.9,28.0,17.0,False,avoid
2026-02-12,NCI,1.37,2.46,2.18,9460500,4494725,2.1,-48.1,79.6,59.1,True,avoid
2026-02-12,HXHX,0.43,0.69,0.54,68203800,106365,641.2,8.8,60.1,25.3,True,hot
2026-02-12,KAVL,0.01,0.02,0.02,349200,125560,2.8,-16.7,46.7,40.0,False,avoid
2026-02-12,LRHC,1.39,1.67,1.3,914100,1992035,0.5,4.5,20.1,-6.5,True,avoid
2026-02-13,SBEV,0.36,0.55,0.53,2106800,717475,2.9,4.9,51.5,46.3,False,avoid
2026-02-13,ILUS,0.0,0.0,0.0,256598,1013375,0.3,0.0,50.0,0.0,True,avoid
2026-02-13,NCI,2.46,3.68,2.39,25436800,4966885,5.1,12.8,49.6,-2.8,True,watch
2026-02-13,HXHX,0.5,0.65,0.64,11856300,3511510,3.4,-7.6,29.5,27.7,False,watch
2026-02-13,HUBC,2.24,2.8,2.6,238700,180148,1.3,-1.8,25.0,16.1,False,avoid
2026-02-13,ONCY,0.89,1.1,1.06,4769800,1924120,2.5,7.2,23.6,19.1,False,avoid
2026-02-13,MITI,0.09,0.11,0.11,108500,216025,0.5,-10.0,22.2,22.2,False,avoid
2026-02-17,BBIG,0.0,0.0,0.0,555,2105,0.3,-75.0,525.0,525.0,False,avoid
2026-02-17,NKGN,0.06,0.2,0.2,800,6930,0.1,0.0,233.3,233.3,False,avoid
2026-02-17,ILUS,0.0,0.0,0.0,433563,1010078,0.4,0.0,50.0,50.0,False,avoid
2026-02-17,LRHC,1.24,1.81,1.45,1298300,2045322,0.6,-2.4,46.0,16.9,True,avoid
2026-02-18,NCI,2.37,4.28,4.09,1082700,6338455,0.2,-19.7,80.6,72.4,False,avoid
2026-02-18,BBIG,0.0,0.0,0.0,20019,2077,9.6,-36.0,56.3,56.3,False,avoid
2026-02-18,ILUS,0.0,0.0,0.0,179398,1025043,0.2,-33.3,50.0,50.0,False,avoid
2026-02-18,MITI,0.09,0.11,0.11,13600,221005,0.1,-18.2,22.2,22.2,False,avoid
2026-02-19,AGAE,0.39,0.59,0.39,217604400,556635,390.9,26.8,51.8,0.3,True,hot
2026-02-19,NCI,3.89,4.98,4.49,757100,6390830,0.1,-4.8,28.0,15.4,False,avoid
2026-02-19,AHMA,7.5,9.5,8.57,165400,288280,0.6,4.9,26.7,14.3,False,avoid
2026-02-20,BBIG,0.0,0.02,0.02,1580,2976,0.5,-75.0,2375.0,2375.0,False,avoid
2026-02-20,RMSG,0.6,1.05,0.89,30865800,57850,533.5,1.5,74.7,47.9,True,hot
2026-02-20,NCI,4.65,7.68,5.95,3987600,6428045,0.6,3.6,65.2,28.0,True,avoid
2026-02-20,MITI,0.08,0.11,0.11,4500,216795,0.0,-11.1,37.5,37.5,False,avoid
2026-02-20,DEVS,0.83,1.04,1.04,34100,195860,0.2,-3.3,25.3,25.3,False,avoid
2026-02-20,HPNN,0.0,0.0,0.0,3304384,1347650,2.5,-11.1,25.0,25.0,False,avoid
2026-02-23,BBIG,0.0,0.0,0.0,1622,3037,0.5,-96.0,525.0,525.0,False,avoid
2026-02-23,NCI,5.74,9.0,6.96,16412900,6626670,2.5,-3.5,56.8,21.3,True,avoid
2026-02-23,GFAI,0.5,0.74,0.68,19204200,4637270,4.1,-6.7,48.6,35.7,False,watch
2026-02-23,RCT,0.92,1.18,1.13,357300,287325,1.2,-3.0,28.3,22.8,False,avoid
2026-02-23,GNPX,1.92,2.42,2.27,9540900,758610,12.6,7.9,26.0,18.2,False,warm
2026-02-23,MRAI,0.47,0.59,0.53,130800,79585,1.6,2.8,25.5,11.9,False,avoid
2026-02-23,HPNN,0.0,0.0,0.0,4567068,1386428,3.3,-20.0,25.0,0.0,True,avoid
2026-02-23,EDSA,0.77,0.93,0.9,360100,418415,0.9,-3.8,20.8,16.9,False,avoid
2026-02-24,MOTS,0.0,0.1,0.0,5107,892,5.7,0.0,99900.0,0.0,True,watch
2026-02-24,BBIG,0.0,0.0,0.0,2765,2931,0.9,-84.0,300.0,300.0,False,avoid
2026-02-24,EDSA,1.0,1.78,1.51,97982800,436020,224.7,11.1,78.0,51.0,True,hot
2026-02-24,NCI,6.06,7.65,5.92,2114700,7446525,0.3,-12.9,26.2,-2.3,True,avoid
2026-02-24,KAVL,0.02,0.02,0.02,9100,73890,0.1,0.0,25.0,0.0,True,avoid
2026-02-24,MITI,0.08,0.1,0.08,10900,169300,0.1,-27.3,25.0,0.0,True,avoid
2026-02-24,JAGX,0.61,0.74,0.73,735800,410745,1.8,-3.2,21.3,19.7,False,avoid
2026-02-24,MBOT,2.14,2.58,2.54,7948800,2550035,3.1,4.4,20.6,18.7,False,watch
2026-02-25,KAVL,0.02,0.03,0.03,793900,73305,10.8,12.5,88.9,77.8,False,warm
2026-02-25,BACK,0.06,0.09,0.09,6600,11465,0.6,-9.7,51.8,51.8,False,avoid
2026-02-25,NCI,5.66,7.59,6.4,2085100,7552015,0.3,-4.4,34.2,13.1,True,avoid
2026-02-25,JAGX,0.73,0.9,0.87,1306900,390330,3.3,0.0,23.3,19.2,False,watch
2026-02-25,LGVN,0.57,0.7,0.55,5183100,123800,41.9,-1.7,22.6,-3.9,True,warm
2026-02-26,BBIG,0.0,0.0,0.0,2075,2838,0.7,33.3,60.0,-25.0,True,avoid
2026-02-26,SBEV,0.48,0.76,0.54,33374700,255060,130.9,2.8,57.3,11.6,True,warm
2026-02-26,MITI,0.07,0.1,0.1,28600,133090,0.2,-12.5,42.9,42.9,False,avoid
2026-02-26,NDRA,4.2,5.94,3.92,4463300,21015,212.4,10.2,41.4,-6.7,True,hot
2026-02-26,LASE,0.94,1.19,1.03,5688300,2985545,1.9,1.7,27.0,9.9,True,avoid
2026-02-26,NVAX,9.83,11.97,11.19,23919400,3722660,6.4,3.1,21.8,13.8,False,watch
2026-02-27,ILUS,0.0,0.0,0.0,483266,901710,0.5,-50.0,100.0,100.0,False,avoid
2026-02-27,BBIG,0.0,0.0,0.0,2032,2909,0.7,33.3,70.0,0.0,True,avoid
2026-02-27,EDSA,1.57,2.58,2.2,43239500,5934700,7.3,1.3,64.3,40.1,True,watch
2026-02-27,MITI,0.07,0.1,0.09,59500,131645,0.5,-30.0,42.9,28.6,False,avoid
2026-02-27,HUBC,1.15,1.57,1.48,1917900,217035,8.8,0.4,36.5,28.7,False,watch
2026-02-27,HPNN,0.0,0.0,0.0,317401,2323118,0.1,-27.3,27.5,27.5,False,avoid
2026-02-27,LIQT,1.61,2.04,1.99,28500,6610,4.3,-10.6,26.7,23.6,False,avoid
2026-02-27,INBS,4.04,4.9,4.5,286000,135445,2.1,3.3,21.3,11.4,False,avoid
2026-03-02,GBR,0.91,1.24,1.03,4669300,48225,96.8,9.6,36.3,13.2,True,warm
2026-03-02,DFNS,2.0,2.68,1.93,17998800,1508165,11.9,13.6,34.0,-3.5,True,warm
2026-03-02,BACK,0.06,0.07,0.07,6300,12705,0.5,-6.7,30.4,30.4,False,avoid
2026-03-02,EDSA,2.01,2.6,2.28,5135700,8086275,0.6,-8.6,29.4,13.4,True,avoid
2026-03-02,CTNT,1.67,2.12,2.09,470100,41820,11.2,-1.8,26.9,25.1,False,watch
2026-03-02,ASTI,5.72,7.03,6.63,1000500,2799420,0.4,-9.2,22.9,15.9,False,avoid
2026-03-02,HPNN,0.0,0.0,0.0,669108,2134175,0.3,-2.0,20.0,2.0,True,avoid
2026-03-03,EDSA,2.5,4.35,4.35,29947400,8329425,3.6,9.6,74.0,74.0,False,watch
2026-03-03,NCI,4.84,7.7,7.03,1852000,7766640,0.2,-3.6,59.1,45.2,False,avoid
2026-03-03,ILUS,0.0,0.0,0.0,54167,807252,0.1,0.0,50.0,0.0,True,avoid
2026-03-03,NPT,7.12,10.5,10.28,15318700,1948885,7.9,25.8,47.5,44.4,False,watch
2026-03-03,RETO,0.92,1.25,1.15,465800,1758295,0.3,-8.0,35.9,25.0,False,avoid
2026-03-03,LIQT,1.6,2.03,1.62,12700,8430,1.5,-2.4,26.9,1.2,True,avoid
2026-03-03,JBDI,0.77,0.97,0.9,65100,1133075,0.1,0.0,26.0,16.4,False,avoid
2026-03-03,MOBQ,0.75,0.94,0.91,139400,47735,2.9,-6.3,25.3,21.3,False,avoid
2026-03-03,MITI,0.08,0.1,0.08,37700,122370,0.3,14.3,25.0,0.0,True,avoid
2026-03-03,SBEV,0.51,0.62,0.61,1151300,1978315,0.6,-5.5,20.4,18.1,False,avoid
2026-03-03,MLSS,0.25,0.3,0.28,201300,152720,1.3,0.0,20.0,12.0,False,avoid
2026-03-04,BBIG,0.0,0.0,0.0,1527,2599,0.6,0.0,325.0,325.0,False,avoid
2026-03-04,PMNT,0.23,0.42,0.25,35952300,54720,657.0,7.4,79.4,5.2,True,hot
2026-03-04,BACK,0.06,0.09,0.06,2600,12335,0.2,1.8,56.1,0.0,True,avoid
2026-03-04,NPT,11.0,15.5,14.9,1063200,2711105,0.4,7.0,40.9,35.5,False,avoid
2026-03-04,BTOG,2.53,3.2,3.12,473900,67380,7.0,11.0,26.5,23.3,False,watch
2026-03-04,ILUS,0.0,0.0,0.0,23616,805805,0.0,0.0,25.0,25.0,False,avoid
2026-03-04,DLXY,1.32,1.64,1.44,38513100,1994985,19.3,60.6,24.2,9.1,True,warm
2026-03-04,NOTV,0.3,0.37,0.36,751300,571105,1.3,7.1,23.3,20.0,False,avoid
2026-03-04,SBEV,0.56,0.68,0.68,664600,2028260,0.3,-8.4,21.7,21.7,False,avoid
2026-03-05,NPT,13.28,22.38,19.15,1065400,964390,1.1,-10.9,68.5,44.2,True,avoid
2026-03-05,NCI,7.5,11.87,10.5,1576100,7907885,0.2,-1.8,58.3,40.0,True,avoid
2026-03-05,MITI,0.08,0.11,0.09,46500,114795,0.4,-11.1,37.5,12.5,True,avoid
2026-03-05,GBR,0.84,1.1,1.09,25599700,323180,79.2,0.0,31.0,29.8,False,warm
2026-03-06,EDSA,3.64,7.43,6.52,32193700,10137025,3.2,0.8,104.1,79.1,True,watch
2026-03-06,MRAI,0.48,0.74,0.47,129400,81410,1.6,13.1,54.4,-1.3,True,avoid
2026-03-06,MITI,0.1,0.14,0.12,137500,110045,1.2,11.1,40.0,20.0,True,avoid
2026-03-06,SOAR,0.33,0.4,0.37,2411200,785785,3.1,-2.1,21.3,10.8,False,watch
2026-03-06,BTBD,1.32,1.59,1.54,527400,59765,8.8,-3.6,20.5,16.7,False,watch
2026-03-09,EDSA,6.3,8.74,7.14,6173900,11744610,0.5,-3.4,38.7,13.3,True,avoid
2026-03-09,BIRD,2.44,3.26,3.11,158400,67965,2.3,-1.6,33.6,27.5,False,avoid
2026-03-09,LRHC,1.23,1.62,1.08,63188900,3102980,20.4,21.8,31.7,-12.2,True,warm
2026-03-09,BTOG,2.45,3.0,2.98,77200,87550,0.9,-3.2,22.4,21.6,False,avoid
2026-03-09,NOTV,0.38,0.46,0.43,1432100,587170,2.4,2.7,21.1,13.2,False,avoid
2026-03-10,LGVN,0.62,1.17,0.89,250465300,492405,508.7,16.0,90.2,44.9,True,hot
2026-03-10,BBIG,0.0,0.0,0.0,5135,2585,2.0,0.0,47.1,47.1,False,avoid
2026-03-10,MOBQ,0.86,1.15,0.85,91700,63680,1.4,0.0,33.7,-1.2,True,avoid
2026-03-10,CAPS,0.55,0.73,0.69,4855400,90395,53.7,-12.7,32.7,25.5,False,avoid
2026-03-10,NCI,10.45,13.81,12.0,1198100,8124120,0.1,0.9,32.2,14.8,True,avoid
2026-03-10,BIRD,3.15,3.93,3.63,208100,71430,2.9,1.3,24.8,15.2,False,avoid
2026-03-10,HPNN,0.0,0.0,0.0,6892341,1997821,3.4,11.1,20.0,20.0,False,watch
2026-03-11,OCGN,1.84,2.37,2.3,40979800,5890810,7.0,4.0,28.8,25.0,False,watch
2026-03-11,JAGX,0.47,0.61,0.56,685500,517710,1.3,-0.2,28.7,20.2,False,avoid
2026-03-11,HOTH,0.98,1.18,1.14,1373100,541150,2.5,-2.5,20.4,16.3,False,avoid
2026-03-12,KAVL,0.02,0.03,0.02,13100,93630,0.1,0.0,70.6,5.9,True,avoid
2026-03-12,ILUS,0.0,0.0,0.0,86500,328718,0.3,0.0,50.0,50.0,False,avoid
2026-03-12,LNAI,0.16,0.23,0.19,28670500,360865,79.4,-15.8,45.0,20.0,True,avoid
2026-03-12,LGVN,0.78,0.94,0.81,7156700,13322780,0.5,-4.1,20.5,3.7,True,avoid
2026-03-13,NKGN,0.06,0.1,0.06,6900,560,12.3,-66.7,66.7,0.0,True,avoid
2026-03-13,ILUS,0.0,0.0,0.0,4291750,331199,13.0,0.0,33.3,0.0,True,watch
2026-03-13,LGVN,0.85,1.1,0.97,13548500,13675325,1.0,5.2,29.3,14.5,False,avoid
2026-03-13,ZSPC,0.2,0.25,0.23,27366600,474850,57.6,3.1,26.3,14.6,False,warm
2026-03-13,DEVS,1.04,1.27,0.9,38875600,43975,884.0,25.0,22.1,-13.0,True,hot
2026-03-13,MGAM,0.07,0.09,0.08,34600,8515,4.1,0.0,21.4,14.3,False,watch
2026-03-16,YXT,0.54,0.8,0.62,1484200,10585,140.2,0.4,47.4,14.8,True,warm
2026-03-16,ONFO,0.56,0.7,0.62,3346500,36365,92.0,3.7,24.5,10.0,False,warm
2026-03-16,KAVL,0.02,0.02,0.02,1000,75780,0.0,0.0,22.2,22.2,False,avoid
2026-03-16,LNAI,0.18,0.22,0.21,5471200,1828475,3.0,-1.6,21.5,17.1,False,watch
2026-03-16,HPNN,0.0,0.0,0.0,1610839,2403767,0.7,0.0,20.0,20.0,False,avoid
2026-03-17,NKGN,0.06,0.19,0.19,6000,740,8.1,0.0,216.7,216.7,False,watch
2026-03-17,EDSA,5.27,8.13,7.0,9244500,12282960,0.8,2.9,54.3,32.8,True,avoid
2026-03-17,RETO,0.56,0.76,0.68,1036700,1550485,0.7,1.8,36.1,21.0,True,avoid
2026-03-17,BACK,0.06,0.08,0.06,1100,8385,0.1,3.6,34.5,-3.4,True,avoid
2026-03-17,LNAI,0.56,0.74,0.56,554039800,2075880,266.9,163.2,32.4,-0.2,True,hot
2026-03-17,YXT,0.54,0.65,0.6,106000,84485,1.3,-13.4,22.0,11.9,False,avoid
2026-03-17,MOBQ,0.64,0.77,0.66,78500,67650,1.2,-8.6,20.3,3.1,True,avoid
2026-03-18,ATXG,3.93,6.6,4.78,2608153,55619,46.9,3.1,67.9,21.8,True,warm
2026-03-18,LGVN,0.83,1.0,0.98,2196400,15835450,0.1,-13.9,20.4,18.0,False,avoid
2026-03-19,NKGN,0.06,0.15,0.15,2100,1015,2.1,-62.5,150.0,150.0,False,avoid
2026-03-19,MGAM,0.03,0.06,0.05,141800,27665,5.1,20.0,113.3,66.7,True,watch
2026-03-19,HUBC,0.3,0.47,0.26,22080100,873485,25.3,-1.7,57.7,-13.4,True,warm
2026-03-19,CMCT,1.3,1.6,1.4,1769810,1048200,1.7,-23.5,23.1,7.7,True,avoid
2026-03-20,BBIG,0.0,0.0,0.0,5160,2039,2.5,-84.0,325.0,0.0,True,avoid
2026-03-20,LNAI,0.38,0.6,0.47,80784900,30782370,2.6,-2.1,59.2,24.4,True,avoid
2026-03-20,EDSA,7.12,9.37,7.35,2473000,12794170,0.2,-1.5,31.6,3.2,True,avoid
2026-03-20,WATT,13.96,18.1,18.04,1534300,299200,5.1,-2.2,29.7,29.2,False,watch
2026-03-20,NNBR,1.54,1.91,1.71,4466500,300935,14.8,4.1,24.0,11.0,False,watch
2026-03-20,MITQ,0.5,0.62,0.62,100600,31350,3.2,-9.1,23.6,23.6,False,watch
2026-03-20,MITI,0.09,0.11,0.11,11000,24790,0.4,-10.0,22.2,22.2,False,avoid
2026-03-20,ELOX,0.14,0.17,0.14,36423,7518,4.8,0.0,21.8,0.7,True,watch
2026-03-23,ILUS,0.0,0.0,0.0,365422,554293,0.7,-50.0,100.0,0.0,True,avoid
2026-03-23,PMAX,3.4,4.97,4.36,2856150,178167,16.0,-1.4,46.2,28.2,True,warm
2026-03-23,AHMA,6.24,8.47,2.24,37263200,29875,1247.3,37.3,35.7,-64.1,True,hot
2026-03-23,BACK,0.06,0.08,0.08,9400,4485,2.1,0.0,33.9,33.9,False,avoid
2026-03-23,ASBP,0.71,0.93,0.87,348800,197010,1.8,-1.0,30.2,22.2,False,avoid
2026-03-23,HPNN,0.0,0.0,0.0,9511161,2836575,3.4,0.0,20.0,0.0,True,watch
2026-03-24,ILUS,0.0,0.0,0.0,247440,559734,0.4,0.0,100.0,100.0,False,avoid
2026-03-24,MGAM,0.03,0.05,0.04,150800,72130,2.1,4.2,80.0,40.0,True,avoid
2026-03-24,HUBC,0.19,0.25,0.23,4866800,2257940,2.2,0.5,32.3,24.7,False,avoid
2026-03-24,MNTS,4.17,5.17,4.43,1619000,284560,5.7,-1.2,24.0,6.2,True,watch
2026-03-24,HPNN,0.0,0.0,0.0,1966002,3083779,0.6,0.0,20.0,0.0,True,avoid
2026-03-25,MOBQ,0.28,0.63,0.63,41000,77085,0.5,-55.6,125.0,125.0,False,avoid
2026-03-25,HUBC,0.24,0.5,0.23,165477400,2483650,66.6,4.7,106.2,-3.3,True,warm
2026-03-25,ASBP,0.83,1.29,1.13,7450500,211170,35.3,3.7,54.9,35.7,True,warm
2026-03-25,LIQT,1.45,2.04,1.35,507000,17060,29.7,-4.6,40.7,-6.9,True,warm
2026-03-25,BTBD,1.44,1.87,1.86,1799400,187990,9.6,1.4,29.9,29.2,False,watch
2026-03-25,SBEV,0.39,0.5,0.42,1457900,3087880,0.5,-1.0,28.7,7.4,True,avoid
2026-03-25,SIDU,2.46,3.15,2.84,28804100,5513005,5.2,2.9,28.0,15.4,False,watch
2026-03-25,MGAM,0.03,0.03,0.03,559900,79630,7.0,-25.7,26.9,-3.8,True,avoid
2026-03-25,RMSG,0.72,0.89,0.64,253370400,49665,5101.6,107.5,23.6,-11.1,True,hot
2026-03-25,MITI,0.09,0.11,0.11,22600,31845,0.7,-10.0,22.2,22.2,False,avoid
2026-03-25,DEVS,0.53,0.65,0.64,120300,2095475,0.1,0.2,21.8,20.1,False,avoid
2026-03-25,WATT,16.89,20.48,17.2,1249900,438645,2.8,-6.7,21.3,1.8,True,avoid
2026-03-25,ISPC,0.15,0.18,0.16,2386900,20158665,0.1,-2.0,20.0,4.0,True,avoid
2026-03-26,ILUS,0.0,0.0,0.0,1678526,556907,3.0,-50.0,200.0,100.0,True,avoid
2026-03-26,VSA,0.68,1.69,1.37,115032300,89415,1286.5,18.4,150.4,103.0,True,hot
2026-03-26,ELOX,0.11,0.25,0.18,25507,13615,1.9,-31.2,126.4,63.6,True,avoid
2026-03-26,MGAM,0.03,0.04,0.03,690600,107620,6.4,0.0,60.0,4.0,True,watch
2026-03-26,LIQT,1.32,1.95,1.78,1057800,42320,25.0,-2.2,47.7,34.8,False,warm
2026-03-26,BBIG,0.0,0.0,0.0,259,2079,0.1,0.0,47.1,47.1,False,avoid
2026-03-26,BZAI,1.22,1.78,1.75,30346200,5509750,5.5,-1.6,45.9,43.4,False,watch
2026-03-26,RCT,0.72,0.91,0.86,140600,53970,2.6,1.6,26.4,19.3,False,avoid
2026-03-26,NDRA,3.77,4.61,4.59,133500,290090,0.5,0.5,22.3,21.8,False,avoid
2026-03-27,ELOX,0.09,0.19,0.19,6652,14890,0.4,-49.9,110.9,110.9,False,avoid
2026-03-27,VSA,1.91,2.9,0.76,151940800,5837080,26.0,39.8,51.4,-60.3,True,warm
2026-03-27,GCTK,1.38,1.67,0.99,34216500,46980,728.3,26.6,21.0,-28.3,True,hot
2026-03-30,ILUS,0.0,0.0,0.0,39230,638679,0.1,-50.0,100.0,100.0,False,avoid
2026-03-30,PMNT,0.18,0.34,0.32,56726700,2147830,26.4,-1.1,84.8,76.6,False,warm
2026-03-30,HXHX,0.37,0.58,0.41,20284100,52870,383.7,-6.4,59.8,12.0,True,hot
2026-03-30,CMCT,0.56,0.85,0.64,2218900,1445206,1.5,0.0,51.8,14.3,True,avoid
2026-03-30,NPT,5.67,7.53,4.77,171600,964715,0.2,0.9,32.8,-15.9,True,avoid
2026-03-30,DGNX,0.39,0.49,0.44,3060200,1753990,1.7,-16.0,25.4,13.1,False,avoid
2026-03-30,RMSG,0.57,0.7,0.63,1196600,13008485,0.1,-8.7,21.2,9.7,False,avoid
2026-03-30,ELAB,4.06,4.88,3.56,121411900,1939346,62.6,143.1,20.2,-12.3,True,hot
2026-03-31,ELAB,3.95,6.5,5.99,57050600,8008735,7.1,11.0,64.6,51.6,False,watch
2026-03-31,NPT,6.42,8.28,7.48,5603200,972185,5.8,34.6,29.0,16.5,False,watch
2026-03-31,ATXG,4.6,5.7,5.51,84900,205639,0.4,1.1,24.0,19.7,False,avoid
2026-03-31,MOBQ,0.57,0.69,0.69,41400,79055,0.5,-8.1,21.1,21.1,False,avoid
2026-04-01,ELAB,7.0,14.0,14.0,43717100,10859626,4.0,16.9,100.0,100.0,False,watch
2026-04-01,NPT,7.6,11.8,10.94,405700,486410,0.8,1.6,55.3,43.9,False,avoid
2026-04-01,NCI,0.63,0.97,0.83,14523200,1756815,8.3,-64.6,54.6,31.7,True,avoid
2026-04-01,SNYR,0.83,1.14,1.02,152500,18990,8.0,-35.3,36.5,22.2,False,avoid
2026-04-01,YXT,0.41,0.54,0.45,260600,94705,2.8,17.4,31.4,9.0,True,avoid
2026-04-01,JAGX,0.37,0.48,0.41,856500,425970,2.0,-0.3,29.7,9.7,True,avoid
2026-04-01,HXHX,0.39,0.49,0.47,334800,1075750,0.3,0.3,25.7,19.6,False,avoid
2026-04-01,BACK,0.06,0.07,0.07,3300,2020,1.6,-1.8,25.0,25.0,False,avoid
2026-04-01,GCTK,0.66,0.8,0.8,450300,1843320,0.2,1.5,21.2,21.2,False,avoid
2026-04-01,BFRI,0.81,0.98,0.92,475100,119940,4.0,0.0,21.1,13.8,False,watch
2026-04-01,HPNN,0.0,0.0,0.0,1223585,2730979,0.4,-16.7,20.0,10.0,False,avoid
2026-04-02,BBIG,0.0,0.0,0.0,2861,2412,1.2,0.0,325.0,325.0,False,avoid
2026-04-02,ILUS,0.0,0.0,0.0,60155,646218,0.1,-50.0,100.0,100.0,False,avoid
2026-04-02,VSA,0.5,0.99,0.71,104221100,13845900,7.5,-1.2,96.4,41.1,True,watch
2026-04-02,SIDU,2.01,3.2,3.09,66716800,8018240,8.3,-4.3,59.2,53.7,False,watch
2026-04-02,NPT,9.32,13.86,12.66,189900,453535,0.4,-14.8,48.7,35.8,False,avoid
2026-04-02,PMAX,3.07,4.48,3.78,121250,334654,0.4,-0.6,45.9,23.1,True,avoid
2026-04-02,ELAB,5.23,6.91,5.72,26639200,13043399,2.0,-62.6,32.1,9.4,True,avoid
2026-04-02,HUBC,0.07,0.09,0.09,12562500,17934570,0.7,-21.3,28.6,27.1,False,avoid
2026-04-02,MRAI,0.28,0.36,0.33,94300,63065,1.5,-6.7,27.5,17.9,False,avoid
2026-04-02,HXHX,0.41,0.52,0.52,354500,1084000,0.3,-12.8,26.8,26.8,False,avoid
2026-04-02,NCI,0.62,0.76,0.76,2254400,2427070,0.9,-25.3,23.4,21.9,False,avoid
2026-04-02,HPNN,0.0,0.0,0.0,1247111,2686208,0.5,-9.1,20.0,14.0,False,avoid
2026-04-06,BBIG,0.0,0.0,0.0,3132,2501,1.3,-76.5,325.0,87.5,True,avoid
2026-04-06,ILUS,0.0,0.0,0.0,750384,622884,1.2,-50.0,100.0,100.0,False,avoid
2026-04-06,MAXN,0.76,1.35,1.06,79184400,258180,306.7,11.0,77.9,39.7,True,hot
2026-04-06,HPNN,0.0,0.0,0.0,1999204,2719908,0.7,-12.3,40.0,20.0,True,avoid
2026-04-06,PMNT,0.23,0.32,0.29,2215500,3536620,0.6,4.0,36.2,21.7,False,avoid
2026-04-06,SIDU,3.0,3.96,3.67,64838000,11197385,5.8,-2.9,32.0,22.3,False,watch
2026-04-06,MITI,0.07,0.09,0.09,109900,47705,2.3,-22.2,28.6,28.6,False,avoid
2026-04-06,MNTS,3.3,4.15,3.51,3182800,667165,4.8,0.6,25.8,6.4,True,watch
2026-04-06,VSA,0.66,0.8,0.74,3867000,19055515,0.2,-7.2,21.7,12.0,False,avoid
2026-04-06,DEVS,0.6,0.73,0.67,597600,2118525,0.3,6.2,21.4,11.6,False,avoid
2026-04-06,NPT,12.22,14.79,9.44,133100,409760,0.3,-3.5,21.0,-22.7,True,avoid
2026-04-07,HUBC,0.08,0.14,0.12,274392400,19039005,14.4,10.8,74.4,40.2,True,warm
2026-04-07,KAVL,0.02,0.03,0.02,40200,17060,2.4,0.0,56.2,12.5,True,avoid
2026-04-07,MAXN,1.04,1.55,1.43,11769100,4212860,2.8,-1.9,49.0,37.5,False,avoid
2026-04-07,ZSPC,0.08,0.11,0.1,86373900,11413415,7.6,-7.9,39.0,25.6,False,watch
2026-04-07,CMCT,0.5,0.66,0.64,599900,1663680,0.4,0.0,32.0,28.0,False,avoid
2026-04-07,RMSG,0.4,0.52,0.47,459600,13139945,0.0,-0.2,30.0,16.2,False,avoid
2026-04-07,WGRX,0.1,0.13,0.13,12976500,6186725,2.1,1.0,26.9,22.1,False,avoid
2026-04-07,FTFT,1.14,1.44,1.44,45700,16040,2.8,-1.7,26.3,26.3,False,avoid
2026-04-07,NCNA,1.69,2.13,2.05,133800,48395,2.8,0.6,26.0,21.3,False,avoid
2026-04-07,SIDU,3.36,4.2,3.79,50682100,14259095,3.6,-8.4,24.9,12.7,False,watch
2026-04-07,ELAB,3.4,4.14,3.45,5488000,14785283,0.4,-11.4,21.7,1.4,True,avoid
2026-04-07,DLXY,0.52,0.63,0.57,797100,1208010,0.7,-2.8,20.7,9.0,False,avoid
2026-04-08,HUBC,0.11,0.21,0.2,106341900,32741575,3.2,-4.3,90.0,80.0,False,watch
2026-04-08,VRAX,0.16,0.22,0.15,138634000,12798445,10.8,13.6,37.1,-5.7,True,warm
2026-04-08,MRAI,0.23,0.3,0.25,142500,59815,2.4,-5.8,31.6,9.6,True,avoid
2026-04-08,BACK,0.06,0.07,0.06,5000,1745,2.9,1.8,28.6,10.7,True,avoid
2026-04-08,LRHC,0.53,0.65,0.59,1227800,431700,2.8,3.7,22.1,10.9,False,avoid
2026-04-09,BBIG,0.0,0.0,0.0,3527,2362,1.5,0.0,325.0,325.0,False,avoid
2026-04-09,MITI,0.09,0.14,0.11,349000,51640,6.8,0.0,55.6,22.2,True,watch
2026-04-09,ILUS,0.0,0.0,0.0,1202392,612607,2.0,0.0,50.0,0.0,True,avoid
2026-04-09,ARAI,1.0,1.42,1.03,364455500,458505,794.9,48.7,42.6,3.4,True,hot
2026-04-09,VSA,0.65,0.92,0.85,24159900,19366485,1.2,6.9,41.5,30.9,False,avoid
2026-04-09,MGAM,0.02,0.03,0.03,20500,146705,0.1,-47.6,36.4,36.4,False,avoid
2026-04-09,ATXG,5.85,7.94,7.09,94100,215482,0.4,2.3,35.7,21.2,False,avoid
2026-04-09,NPT,8.02,10.79,9.81,43800,411820,0.1,-10.9,34.5,22.4,False,avoid
2026-04-09,KAVL,0.02,0.02,0.02,900,18900,0.0,0.0,25.0,25.0,False,avoid
2026-04-09,LNAI,0.35,0.44,0.41,6241700,55920540,0.1,-2.0,24.9,18.3,False,avoid
2026-04-09,WATT,15.21,18.99,18.97,575700,578455,1.0,0.1,24.9,24.7,False,avoid
2026-04-09,MOBQ,1.08,1.3,1.26,235400,69075,3.4,3.8,20.4,16.7,False,watch
2026-04-10,FUSE,1.0,2.01,1.83,126887300,90730,1398.5,17.6,101.0,83.0,True,hot
2026-04-10,BBIG,0.0,0.0,0.0,4147,2538,1.6,-55.9,73.3,6.7,True,avoid
2026-04-10,MAXN,1.31,1.96,1.71,7492900,4999085,1.5,-0.8,49.6,30.5,True,avoid
2026-04-10,SIDU,3.45,4.3,4.25,48454200,19420850,2.5,3.3,24.6,23.2,False,avoid
2026-04-10,SOAR,0.25,0.31,0.29,26000200,2038005,12.8,1.6,23.1,14.3,False,watch
2026-04-10,CTNT,1.33,1.61,1.45,345400,46530,7.4,0.0,21.1,9.0,False,watch
2026-04-10,HUBC,0.11,0.14,0.12,15172000,39425640,0.4,0.9,20.2,0.9,True,avoid
2026-04-13,RMSG,0.95,2.73,2.7,461512200,13342210,34.6,101.5,188.3,185.1,False,warm
2026-04-13,CMCT,0.56,1.12,0.92,173464100,1759404,98.6,12.0,100.0,64.3,True,warm
2026-04-13,DLXY,0.53,0.87,0.68,70759800,1211900,58.4,5.8,65.1,29.0,True,warm
2026-04-13,BBIG,0.0,0.0,0.0,657,2684,0.2,0.0,62.5,62.5,False,avoid
2026-04-13,NKGN,0.1,0.16,0.06,3000,1760,1.7,66.7,60.0,-40.0,True,avoid
2026-04-13,HXHX,0.48,0.75,0.62,8326500,1104845,7.5,-7.7,56.3,28.3,True,watch
2026-04-13,GCTK,0.65,1.0,0.88,27848100,1900360,14.7,-2.1,53.6,34.9,True,watch
2026-04-13,RECT,1.98,2.9,2.23,126841100,4660,27219.1,65.0,46.5,12.6,True,hot
2026-04-13,MNTS,3.65,5.17,4.92,13080400,1034025,12.6,4.9,41.6,34.8,False,watch
2026-04-13,SLNH,0.71,0.94,0.93,5742300,2253055,2.5,0.0,32.4,31.0,False,avoid
2026-04-13,FUSE,1.76,2.26,1.84,12857200,6433740,2.0,-3.8,28.4,4.5,True,avoid
2026-04-13,SIDU,3.91,4.95,4.93,36404900,21374625,1.7,-7.9,26.4,25.9,False,avoid
2026-04-13,ARAI,0.8,1.0,0.89,13260700,19719515,0.7,-1.4,25.0,11.3,False,avoid
2026-04-13,DEVS,0.81,1.0,0.95,10318400,2161235,4.8,27.6,23.3,17.3,False,watch
2026-04-13,ASTI,3.51,4.24,4.08,1225800,743570,1.6,-3.3,20.8,16.2,False,avoid
2026-04-14,MIMI,0.26,0.73,0.54,391462100,214820,1822.3,-1.5,184.5,107.4,True,hot
2026-04-14,SNAL,0.77,2.16,1.7,865198900,297475,2908.5,104.2,180.5,120.8,True,hot
2026-04-14,AHMA,0.81,1.73,1.32,79880400,2228830,35.8,2.0,113.6,63.0,True,warm
2026-04-14,ILUS,0.0,0.0,0.0,3701,466791,0.0,-50.0,100.0,100.0,False,avoid
2026-04-14,ARAI,0.93,1.78,1.65,91616300,20364285,4.5,4.6,91.4,77.4,False,watch
2026-04-14,RETO,0.64,1.13,0.84,7995600,101795,78.5,-0.2,77.1,31.8,True,warm
2026-04-14,BBIG,0.0,0.0,0.0,1495,2717,0.6,-38.5,62.5,62.5,False,avoid
2026-04-14,MITQ,0.57,0.81,0.61,6165400,34205,180.2,0.0,41.4,6.7,True,warm
2026-04-14,SOAR,0.25,0.31,0.27,26630000,7355675,3.6,-3.5,27.8,10.2,True,watch
2026-04-14,SURG,0.73,0.93,0.83,1416700,96070,14.7,1.4,27.4,13.6,False,watch
2026-04-14,CMCT,0.66,0.84,0.8,5329600,10409940,0.5,-28.3,27.3,21.2,False,avoid
2026-04-15,BIRD,6.82,24.31,16.99,288160800,210475,1369.1,173.9,256.5,149.1,True,hot
2026-04-15,HUBC,0.12,0.35,0.26,439837300,56874100,7.7,-3.1,187.8,111.4,True,watch
2026-04-15,ILUS,0.0,0.0,0.0,602204,464647,1.3,-50.0,100.0,100.0,False,avoid
2026-04-15,AGAE,0.52,0.96,0.47,480982900,5493885,87.5,57.9,85.1,-8.9,True,hot
2026-04-15,ASTI,4.02,6.86,6.36,12530100,719900,17.4,1.0,70.6,58.2,False,warm
2026-04-15,NCI,0.71,1.16,0.65,89463300,2427620,36.9,40.0,62.5,-8.4,True,warm
2026-04-15,NOTV,0.25,0.4,0.39,9267500,371960,24.9,0.0,60.0,56.0,False,warm
2026-04-15,RETO,0.88,1.4,1.04,17481200,498450,35.1,4.5,59.3,18.3,True,warm
2026-04-15,SNAL,0.86,1.22,0.87,48551900,43556025,1.1,-49.4,41.9,1.2,True,avoid
2026-04-15,WGRX,0.12,0.17,0.15,34902800,29025470,1.2,-18.7,41.0,26.5,False,avoid
2026-04-15,MITI,0.1,0.14,0.11,160500,74475,2.2,0.0,40.0,10.0,True,avoid
2026-04-15,MNTS,5.42,7.47,6.91,15725700,2115115,7.4,9.3,37.8,27.5,False,watch
2026-04-15,LIMN,0.19,0.24,0.19,107104000,2405870,44.5,2.8,31.9,0.5,True,warm
2026-04-15,VSA,0.92,1.2,0.81,213582700,20831635,10.3,53.8,30.0,-12.8,True,warm
2026-04-15,NNBR,1.8,2.25,1.98,11978600,573560,20.9,14.6,25.0,10.0,False,warm
2026-04-15,WATT,19.0,23.65,22.13,1975600,559410,3.5,15.9,24.5,16.5,False,watch
2026-04-15,NEXA,11.82,14.7,14.65,8960800,510185,17.6,-1.0,24.4,23.9,False,warm
2026-04-15,SURG,0.5,0.61,0.55,2316100,164745,14.1,-39.7,22.0,10.0,False,avoid
2026-04-16,PBM,2.81,9.97,5.87,53763200,19735,2724.3,-2.4,254.8,108.9,True,hot
2026-04-16,ONFO,1.11,2.48,1.5,278193900,132185,2104.6,66.4,123.2,35.1,True,hot
2026-04-16,ELOX,0.09,0.19,0.17,1849,18323,0.1,4.8,115.8,94.1,True,avoid
2026-04-16,ILUS,0.0,0.0,0.0,422586,473712,0.9,-50.0,100.0,100.0,False,avoid
2026-04-16,RMSG,1.77,3.35,2.55,48762100,39184115,1.2,-1.1,89.3,44.1,True,avoid
2026-04-16,PMNT,0.3,0.47,0.41,18435400,31097175,0.6,-6.9,58.8,38.5,True,avoid
2026-04-16,ENVB,1.96,3.08,2.35,11342900,29650,382.6,-3.4,57.1,19.9,True,hot
2026-04-16,DARE,1.81,2.78,2.72,3226400,108295,29.8,1.1,53.6,50.3,False,warm
2026-04-16,ITP,0.22,0.33,0.2,63502300,379880,167.2,4.8,50.0,-9.1,True,warm
2026-04-16,RECT,1.52,2.15,1.73,3037900,6501995,0.5,9.4,41.4,13.8,True,avoid
2026-04-16,MGAM,0.02,0.02,0.02,69700,194685,0.4,21.4,41.2,29.4,False,avoid
2026-04-16,ZSPC,0.09,0.12,0.09,733728300,28330520,25.9,23.6,40.4,-2.2,True,warm
2026-04-16,SURG,0.54,0.75,0.65,2222800,276545,8.0,-1.8,38.9,19.8,True,watch
2026-04-16,BTOG,3.87,5.35,2.6,30224800,30150,1002.5,40.0,38.2,-32.8,True,hot
2026-04-16,BACK,0.04,0.06,0.06,2400,2550,0.9,-24.6,34.9,32.6,False,avoid
2026-04-16,MNTS,6.41,8.45,7.63,7443000,2885375,2.6,-7.2,31.8,19.0,False,avoid
2026-04-16,ACHV,4.05,5.25,4.81,14059300,941850,14.9,14.1,29.6,18.8,False,warm
2026-04-16,LIMN,0.18,0.23,0.23,15557100,7605535,2.0,-2.7,29.3,27.1,False,avoid
2026-04-16,SIDU,4.64,5.99,5.95,41087300,25878640,1.6,-4.9,29.1,28.2,False,avoid
2026-04-16,MAMO,1.17,1.5,1.19,41570400,1049705,39.6,18.5,28.2,1.7,True,warm
2026-04-16,NCI,0.62,0.77,0.69,3586000,6881475,0.5,-5.2,24.4,11.9,False,avoid
2026-04-16,IMMP,0.54,0.67,0.58,53603500,36033080,1.5,0.0,24.1,7.4,True,avoid
2026-04-16,HUBC,0.16,0.19,0.18,102946300,78804975,1.3,-39.2,22.8,15.8,False,avoid
2026-04-16,LASE,1.08,1.3,1.22,5654200,1600350,3.5,0.0,20.4,13.0,False,watch
2026-04-16,CTNT,0.31,0.37,0.16,976038200,7053285,138.4,81.3,20.3,-48.1,True,hot
2026-04-17,ILUS,0.0,0.0,0.0,37135,491925,0.1,-50.0,100.0,100.0,False,avoid
2026-04-17,FRMM,2.99,5.55,4.29,40134100,501500,80.0,26.2,85.6,43.5,True,hot
2026-04-17,BBIG,0.0,0.0,0.0,2065,2067,1.0,-39.3,64.7,5.9,True,avoid
2026-04-17,KAVL,0.02,0.03,0.02,169500,17910,9.5,-27.3,56.2,18.7,True,avoid
2026-04-17,HPNN,0.0,0.0,0.0,17643482,2933918,6.0,-12.5,42.9,38.6,False,avoid
2026-04-17,NPT,3.34,4.77,3.96,16250800,478985,33.9,3.7,42.8,18.6,True,warm
2026-04-17,IFRX,1.2,1.67,1.59,7909100,600025,13.2,0.0,39.2,32.5,False,watch
2026-04-17,RMSG,2.41,3.3,2.71,7962700,41620000,0.2,-5.5,36.9,12.4,True,avoid
2026-04-17,PMAX,2.2,2.94,2.53,429300,854806,0.5,-0.5,33.6,15.0,True,avoid
2026-04-17,ELOX,0.08,0.11,0.11,654,13288,0.0,-50.8,31.6,31.6,False,avoid
2026-04-17,BZAI,2.03,2.64,2.52,79254500,10716775,7.4,17.1,30.4,24.4,False,watch
2026-04-17,DFNS,0.67,0.88,0.76,9672900,2579480,3.7,-0.3,30.1,12.8,True,watch
2026-04-17,NDRA,5.14,6.69,6.4,82300,34595,2.4,-0.5,30.1,24.4,False,avoid
2026-04-17,MRAI,0.24,0.31,0.29,150700,62590,2.4,-7.7,29.6,20.8,False,avoid
2026-04-17,AGAE,0.57,0.74,0.69,47521300,33778140,1.4,9.2,29.5,21.1,False,avoid
2026-04-17,ABLV,0.74,0.95,0.74,14611900,356825,40.9,27.6,28.4,0.0,True,warm
2026-04-17,YXT,0.57,0.73,0.5,180065100,149360,1205.6,54.1,27.2,-13.0,True,hot
2026-04-17,CRML,11.31,13.75,12.56,73388500,7646660,9.6,22.0,21.6,11.1,False,warm
2026-04-17,GCTK,0.71,0.86,0.8,661300,3391585,0.2,-4.3,21.1,12.5,False,avoid
2026-04-17,LNAI,0.3,0.36,0.35,2764600,27844650,0.1,-1.3,21.0,16.3,False,avoid
2026-04-17,MGAM,0.02,0.03,0.03,101600,186350,0.5,9.1,20.8,20.8,False,avoid
